ID	Name	Bgd count	Result count	Result gene list	Pct of bgd	Fold enrichment	Odds ratio	P-value	Benjamini	Bonferroni
GO:0016021	integral component of membrane	1358	23	CNAG_00284,CNAG_00546,CNAG_02156,CNAG_02200,CNAG_02363,CNAG_02510,CNAG_02681,CNAG_03227,CNAG_03848,CNAG_03938,CNAG_03978,CNAG_04280,CNAG_04681,CNAG_04782,CNAG_05138,CNAG_05411,CNAG_05517,CNAG_05640,CNAG_06060,CNAG_06320,CNAG_06336,CNAG_06785,CNAG_06967,	1.7	1.81	2.57	0.00115072310053	0.0273392767171	0.0540839857248
GO:0031224	intrinsic component of membrane	1359	23	CNAG_00284,CNAG_00546,CNAG_02156,CNAG_02200,CNAG_02363,CNAG_02510,CNAG_02681,CNAG_03227,CNAG_03848,CNAG_03938,CNAG_03978,CNAG_04280,CNAG_04681,CNAG_04782,CNAG_05138,CNAG_05411,CNAG_05517,CNAG_05640,CNAG_06060,CNAG_06320,CNAG_06336,CNAG_06785,CNAG_06967,	1.7	1.8	2.57	0.00116337347732	0.0273392767171	0.0546785534341
GO:0016020	membrane	1542	23	CNAG_00284,CNAG_00546,CNAG_02156,CNAG_02200,CNAG_02363,CNAG_02510,CNAG_02681,CNAG_03227,CNAG_03848,CNAG_03938,CNAG_03978,CNAG_04280,CNAG_04681,CNAG_04782,CNAG_05138,CNAG_05411,CNAG_05517,CNAG_05640,CNAG_06060,CNAG_06320,CNAG_06336,CNAG_06785,CNAG_06967,	1.5	1.59	2.15	0.0069200032752	0.108413384645	0.325240153934
GO:0005618	cell wall	4	1	CNAG_06336,	25.0	26.66	35.94	0.0369937551203	0.347741298131	1.0
GO:0030312	external encapsulating structure	4	1	CNAG_06336,	25.0	26.66	35.94	0.0369937551203	0.347741298131	1.0
