ID	Name	Bgd count	Result count	Result gene list	Pct of bgd	Fold enrichment	Odds ratio	P-value	Benjamini	Bonferroni
GO:0009331	glycerol-3-phosphate dehydrogenase complex	4	3	CNAG_00121,CNAG_01745,CNAG_02814,	75.0	11.06	41.61	0.00117357488426	0.136134686574	0.136134686574
GO:1990204	oxidoreductase complex	15	4	CNAG_00121,CNAG_01745,CNAG_02814,CNAG_03596,	26.7	3.93	5.05	0.0155731542058	0.873694949108	1.0
