ID	Name	Bgd count	Result count	Result gene list	Pct of bgd	Fold enrichment	Odds ratio	P-value	Benjamini	Bonferroni
GO:0006629	lipid metabolic process	138	6	CNAG_02099,CNAG_02100,CNAG_02541,CNAG_02896,CNAG_04640,CNAG_05759,	4.3	12.34	18.79	4.94566781084e-06	4.45110102975e-05	4.45110102975e-05
GO:0006790	sulfur compound metabolic process	58	2	CNAG_04640,CNAG_05759,	3.4	9.79	11.24	0.0172410895742	0.0775849030841	0.155169806168
