ID	Name	Bgd count	Result count	Result gene list	Pct of bgd	Fold enrichment	Odds ratio	P-value	Benjamini	Bonferroni
ec00970__PK__KEGG	Aminoacyl-tRNA biosynthesis	58	19	CNAG_00143,CNAG_00238,CNAG_01305,CNAG_01435,CNAG_01536,CNAG_01544,CNAG_02418,CNAG_02763,CNAG_04082,CNAG_04179,CNAG_04800,CNAG_05827,CNAG_05900,CNAG_05978,CNAG_06123,CNAG_06314,CNAG_06713,CNAG_06755,CNAG_07473,	32.8	5.09	8.31	6.06342451648e-10	7.51864640043e-08	7.51864640043e-08
ec00220__PK__KEGG	Arginine biosynthesis	47	8	CNAG_00026,CNAG_00256,CNAG_02812,CNAG_02825,CNAG_05753,CNAG_05894,CNAG_06112,CNAG_06755,	17.0	2.65	3.13	0.0086546829902	0.536590345392	1.0
ec00300__PK__KEGG	Lysine biosynthesis	36	6	CNAG_00026,CNAG_00256,CNAG_03476,CNAG_03588,CNAG_04347,CNAG_07908,	16.7	2.59	3.02	0.0246391040182	0.692132472449	1.0
ec00290__PK__KEGG	Valine, leucine and isoleucine biosynthesis	27	5	CNAG_05497,CNAG_05725,CNAG_06370,CNAG_06421,CNAG_07908,	18.5	2.88	3.41	0.0259711250556	0.692132472449	1.0
ec00920__PK__KEGG	Sulfur metabolism	37	6	CNAG_01091,CNAG_03263,CNAG_05028,CNAG_05070,CNAG_06125,CNAG_06840,	16.2	2.52	2.92	0.0279085674375	0.692132472449	1.0
ec00450__PK__KEGG	Selenocompound metabolism	71	9	CNAG_00026,CNAG_01091,CNAG_01305,CNAG_03263,CNAG_03776,CNAG_05028,CNAG_05827,CNAG_06125,CNAG_06840,	12.7	1.97	2.21	0.0347363282952	0.717884118101	1.0
