ID	Name	Bgd count	Result count	Result gene list	Pct of bgd	Fold enrichment	Odds ratio	P-value	Benjamini	Bonferroni
GO:0005975	carbohydrate metabolic process	140	32	CNAG_00057,CNAG_00121,CNAG_00684,CNAG_00696,CNAG_01745,CNAG_01984,CNAG_02133,CNAG_02225,CNAG_02230,CNAG_02351,CNAG_03225,CNAG_03245,CNAG_03525,CNAG_03765,CNAG_03769,CNAG_03785,CNAG_03916,CNAG_03946,CNAG_04217,CNAG_04621,CNAG_04879,CNAG_05292,CNAG_05471,CNAG_05607,CNAG_05652,CNAG_06098,CNAG_06291,CNAG_06515,CNAG_06666,CNAG_06770,CNAG_06923,CNAG_06924,	22.9	3.37	4.38	4.78754541905e-10	1.57988998829e-08	1.57988998829e-08
GO:0006091	generation of precursor metabolites and energy	69	12	CNAG_00061,CNAG_00684,CNAG_01984,CNAG_02133,CNAG_03225,CNAG_03245,CNAG_03596,CNAG_03769,CNAG_03916,CNAG_04621,CNAG_04879,CNAG_06770,	17.4	2.56	2.96	0.00205813137073	0.033959167617	0.0679183352341
